0,manufacturer_0,"123 manufacturer_0 street, manufacturer_0 town"
1,manufacturer_1,"123 manufacturer_1 street, manufacturer_1 town"
2,manufacturer_2,"123 manufacturer_2 street, manufacturer_2 town"
3,manufacturer_3,"123 manufacturer_3 street, manufacturer_3 town"
4,manufacturer_4,"123 manufacturer_4 street, manufacturer_4 town"
5,manufacturer_5,"123 manufacturer_5 street, manufacturer_5 town"
6,manufacturer_6,"123 manufacturer_6 street, manufacturer_6 town"
7,manufacturer_7,"123 manufacturer_7 street, manufacturer_7 town"
8,manufacturer_8,"123 manufacturer_8 street, manufacturer_8 town"
9,manufacturer_9,"123 manufacturer_9 street, manufacturer_9 town"
10,manufacturer_10,"123 manufacturer_10 street, manufacturer_10 town"
11,manufacturer_11,"123 manufacturer_11 street, manufacturer_11 town"
12,manufacturer_12,"123 manufacturer_12 street, manufacturer_12 town"
13,manufacturer_13,"123 manufacturer_13 street, manufacturer_13 town"
14,manufacturer_14,"123 manufacturer_14 street, manufacturer_14 town"
15,manufacturer_15,"123 manufacturer_15 street, manufacturer_15 town"
16,manufacturer_16,"123 manufacturer_16 street, manufacturer_16 town"
17,manufacturer_17,"123 manufacturer_17 street, manufacturer_17 town"
18,manufacturer_18,"123 manufacturer_18 street, manufacturer_18 town"
19,manufacturer_19,"123 manufacturer_19 street, manufacturer_19 town"
20,manufacturer_20,"123 manufacturer_20 street, manufacturer_20 town"
21,manufacturer_21,"123 manufacturer_21 street, manufacturer_21 town"
22,manufacturer_22,"123 manufacturer_22 street, manufacturer_22 town"
23,manufacturer_23,"123 manufacturer_23 street, manufacturer_23 town"
24,manufacturer_24,"123 manufacturer_24 street, manufacturer_24 town"
25,manufacturer_25,"123 manufacturer_25 street, manufacturer_25 town"
26,manufacturer_26,"123 manufacturer_26 street, manufacturer_26 town"
27,manufacturer_27,"123 manufacturer_27 street, manufacturer_27 town"
28,manufacturer_28,"123 manufacturer_28 street, manufacturer_28 town"
29,manufacturer_29,"123 manufacturer_29 street, manufacturer_29 town"
30,manufacturer_30,"123 manufacturer_30 street, manufacturer_30 town"
31,manufacturer_31,"123 manufacturer_31 street, manufacturer_31 town"
32,manufacturer_32,"123 manufacturer_32 street, manufacturer_32 town"
33,manufacturer_33,"123 manufacturer_33 street, manufacturer_33 town"
34,manufacturer_34,"123 manufacturer_34 street, manufacturer_34 town"
35,manufacturer_35,"123 manufacturer_35 street, manufacturer_35 town"
36,manufacturer_36,"123 manufacturer_36 street, manufacturer_36 town"
37,manufacturer_37,"123 manufacturer_37 street, manufacturer_37 town"
38,manufacturer_38,"123 manufacturer_38 street, manufacturer_38 town"
39,manufacturer_39,"123 manufacturer_39 street, manufacturer_39 town"
40,manufacturer_40,"123 manufacturer_40 street, manufacturer_40 town"
41,manufacturer_41,"123 manufacturer_41 street, manufacturer_41 town"
42,manufacturer_42,"123 manufacturer_42 street, manufacturer_42 town"
43,manufacturer_43,"123 manufacturer_43 street, manufacturer_43 town"
44,manufacturer_44,"123 manufacturer_44 street, manufacturer_44 town"
45,manufacturer_45,"123 manufacturer_45 street, manufacturer_45 town"
46,manufacturer_46,"123 manufacturer_46 street, manufacturer_46 town"
47,manufacturer_47,"123 manufacturer_47 street, manufacturer_47 town"
48,manufacturer_48,"123 manufacturer_48 street, manufacturer_48 town"
49,manufacturer_49,"123 manufacturer_49 street, manufacturer_49 town"
50,manufacturer_50,"123 manufacturer_50 street, manufacturer_50 town"
51,manufacturer_51,"123 manufacturer_51 street, manufacturer_51 town"
52,manufacturer_52,"123 manufacturer_52 street, manufacturer_52 town"
53,manufacturer_53,"123 manufacturer_53 street, manufacturer_53 town"
54,manufacturer_54,"123 manufacturer_54 street, manufacturer_54 town"
55,manufacturer_55,"123 manufacturer_55 street, manufacturer_55 town"
56,manufacturer_56,"123 manufacturer_56 street, manufacturer_56 town"
57,manufacturer_57,"123 manufacturer_57 street, manufacturer_57 town"
58,manufacturer_58,"123 manufacturer_58 street, manufacturer_58 town"
59,manufacturer_59,"123 manufacturer_59 street, manufacturer_59 town"
60,manufacturer_60,"123 manufacturer_60 street, manufacturer_60 town"
61,manufacturer_61,"123 manufacturer_61 street, manufacturer_61 town"
62,manufacturer_62,"123 manufacturer_62 street, manufacturer_62 town"
63,manufacturer_63,"123 manufacturer_63 street, manufacturer_63 town"
64,manufacturer_64,"123 manufacturer_64 street, manufacturer_64 town"
65,manufacturer_65,"123 manufacturer_65 street, manufacturer_65 town"
66,manufacturer_66,"123 manufacturer_66 street, manufacturer_66 town"
67,manufacturer_67,"123 manufacturer_67 street, manufacturer_67 town"
68,manufacturer_68,"123 manufacturer_68 street, manufacturer_68 town"
69,manufacturer_69,"123 manufacturer_69 street, manufacturer_69 town"
70,manufacturer_70,"123 manufacturer_70 street, manufacturer_70 town"
71,manufacturer_71,"123 manufacturer_71 street, manufacturer_71 town"
72,manufacturer_72,"123 manufacturer_72 street, manufacturer_72 town"
73,manufacturer_73,"123 manufacturer_73 street, manufacturer_73 town"
74,manufacturer_74,"123 manufacturer_74 street, manufacturer_74 town"
75,manufacturer_75,"123 manufacturer_75 street, manufacturer_75 town"
76,manufacturer_76,"123 manufacturer_76 street, manufacturer_76 town"
77,manufacturer_77,"123 manufacturer_77 street, manufacturer_77 town"
78,manufacturer_78,"123 manufacturer_78 street, manufacturer_78 town"
79,manufacturer_79,"123 manufacturer_79 street, manufacturer_79 town"
80,manufacturer_80,"123 manufacturer_80 street, manufacturer_80 town"
81,manufacturer_81,"123 manufacturer_81 street, manufacturer_81 town"
82,manufacturer_82,"123 manufacturer_82 street, manufacturer_82 town"
83,manufacturer_83,"123 manufacturer_83 street, manufacturer_83 town"
84,manufacturer_84,"123 manufacturer_84 street, manufacturer_84 town"
85,manufacturer_85,"123 manufacturer_85 street, manufacturer_85 town"
86,manufacturer_86,"123 manufacturer_86 street, manufacturer_86 town"
87,manufacturer_87,"123 manufacturer_87 street, manufacturer_87 town"
88,manufacturer_88,"123 manufacturer_88 street, manufacturer_88 town"
89,manufacturer_89,"123 manufacturer_89 street, manufacturer_89 town"
90,manufacturer_90,"123 manufacturer_90 street, manufacturer_90 town"
91,manufacturer_91,"123 manufacturer_91 street, manufacturer_91 town"
92,manufacturer_92,"123 manufacturer_92 street, manufacturer_92 town"
93,manufacturer_93,"123 manufacturer_93 street, manufacturer_93 town"
94,manufacturer_94,"123 manufacturer_94 street, manufacturer_94 town"
95,manufacturer_95,"123 manufacturer_95 street, manufacturer_95 town"
96,manufacturer_96,"123 manufacturer_96 street, manufacturer_96 town"
97,manufacturer_97,"123 manufacturer_97 street, manufacturer_97 town"
98,manufacturer_98,"123 manufacturer_98 street, manufacturer_98 town"
99,manufacturer_99,"123 manufacturer_99 street, manufacturer_99 town"
