0,supplier_0,"456 supplier_0 street, supplier_0 town"
1,supplier_1,"456 supplier_1 street, supplier_1 town"
2,supplier_2,"456 supplier_2 street, supplier_2 town"
3,supplier_3,"456 supplier_3 street, supplier_3 town"
4,supplier_4,"456 supplier_4 street, supplier_4 town"
5,supplier_5,"456 supplier_5 street, supplier_5 town"
6,supplier_6,"456 supplier_6 street, supplier_6 town"
7,supplier_7,"456 supplier_7 street, supplier_7 town"
8,supplier_8,"456 supplier_8 street, supplier_8 town"
9,supplier_9,"456 supplier_9 street, supplier_9 town"
10,supplier_10,"456 supplier_10 street, supplier_10 town"
11,supplier_11,"456 supplier_11 street, supplier_11 town"
12,supplier_12,"456 supplier_12 street, supplier_12 town"
13,supplier_13,"456 supplier_13 street, supplier_13 town"
14,supplier_14,"456 supplier_14 street, supplier_14 town"
15,supplier_15,"456 supplier_15 street, supplier_15 town"
16,supplier_16,"456 supplier_16 street, supplier_16 town"
17,supplier_17,"456 supplier_17 street, supplier_17 town"
18,supplier_18,"456 supplier_18 street, supplier_18 town"
19,supplier_19,"456 supplier_19 street, supplier_19 town"
20,supplier_20,"456 supplier_20 street, supplier_20 town"
21,supplier_21,"456 supplier_21 street, supplier_21 town"
22,supplier_22,"456 supplier_22 street, supplier_22 town"
23,supplier_23,"456 supplier_23 street, supplier_23 town"
24,supplier_24,"456 supplier_24 street, supplier_24 town"
25,supplier_25,"456 supplier_25 street, supplier_25 town"
26,supplier_26,"456 supplier_26 street, supplier_26 town"
27,supplier_27,"456 supplier_27 street, supplier_27 town"
28,supplier_28,"456 supplier_28 street, supplier_28 town"
29,supplier_29,"456 supplier_29 street, supplier_29 town"
30,supplier_30,"456 supplier_30 street, supplier_30 town"
31,supplier_31,"456 supplier_31 street, supplier_31 town"
32,supplier_32,"456 supplier_32 street, supplier_32 town"
33,supplier_33,"456 supplier_33 street, supplier_33 town"
34,supplier_34,"456 supplier_34 street, supplier_34 town"
35,supplier_35,"456 supplier_35 street, supplier_35 town"
36,supplier_36,"456 supplier_36 street, supplier_36 town"
37,supplier_37,"456 supplier_37 street, supplier_37 town"
38,supplier_38,"456 supplier_38 street, supplier_38 town"
39,supplier_39,"456 supplier_39 street, supplier_39 town"
40,supplier_40,"456 supplier_40 street, supplier_40 town"
41,supplier_41,"456 supplier_41 street, supplier_41 town"
42,supplier_42,"456 supplier_42 street, supplier_42 town"
43,supplier_43,"456 supplier_43 street, supplier_43 town"
44,supplier_44,"456 supplier_44 street, supplier_44 town"
45,supplier_45,"456 supplier_45 street, supplier_45 town"
46,supplier_46,"456 supplier_46 street, supplier_46 town"
47,supplier_47,"456 supplier_47 street, supplier_47 town"
48,supplier_48,"456 supplier_48 street, supplier_48 town"
49,supplier_49,"456 supplier_49 street, supplier_49 town"
50,supplier_50,"456 supplier_50 street, supplier_50 town"
51,supplier_51,"456 supplier_51 street, supplier_51 town"
52,supplier_52,"456 supplier_52 street, supplier_52 town"
53,supplier_53,"456 supplier_53 street, supplier_53 town"
54,supplier_54,"456 supplier_54 street, supplier_54 town"
55,supplier_55,"456 supplier_55 street, supplier_55 town"
56,supplier_56,"456 supplier_56 street, supplier_56 town"
57,supplier_57,"456 supplier_57 street, supplier_57 town"
58,supplier_58,"456 supplier_58 street, supplier_58 town"
59,supplier_59,"456 supplier_59 street, supplier_59 town"
60,supplier_60,"456 supplier_60 street, supplier_60 town"
61,supplier_61,"456 supplier_61 street, supplier_61 town"
62,supplier_62,"456 supplier_62 street, supplier_62 town"
63,supplier_63,"456 supplier_63 street, supplier_63 town"
64,supplier_64,"456 supplier_64 street, supplier_64 town"
65,supplier_65,"456 supplier_65 street, supplier_65 town"
66,supplier_66,"456 supplier_66 street, supplier_66 town"
67,supplier_67,"456 supplier_67 street, supplier_67 town"
68,supplier_68,"456 supplier_68 street, supplier_68 town"
69,supplier_69,"456 supplier_69 street, supplier_69 town"
70,supplier_70,"456 supplier_70 street, supplier_70 town"
71,supplier_71,"456 supplier_71 street, supplier_71 town"
72,supplier_72,"456 supplier_72 street, supplier_72 town"
73,supplier_73,"456 supplier_73 street, supplier_73 town"
74,supplier_74,"456 supplier_74 street, supplier_74 town"
75,supplier_75,"456 supplier_75 street, supplier_75 town"
76,supplier_76,"456 supplier_76 street, supplier_76 town"
77,supplier_77,"456 supplier_77 street, supplier_77 town"
78,supplier_78,"456 supplier_78 street, supplier_78 town"
79,supplier_79,"456 supplier_79 street, supplier_79 town"
80,supplier_80,"456 supplier_80 street, supplier_80 town"
81,supplier_81,"456 supplier_81 street, supplier_81 town"
82,supplier_82,"456 supplier_82 street, supplier_82 town"
83,supplier_83,"456 supplier_83 street, supplier_83 town"
84,supplier_84,"456 supplier_84 street, supplier_84 town"
85,supplier_85,"456 supplier_85 street, supplier_85 town"
86,supplier_86,"456 supplier_86 street, supplier_86 town"
87,supplier_87,"456 supplier_87 street, supplier_87 town"
88,supplier_88,"456 supplier_88 street, supplier_88 town"
89,supplier_89,"456 supplier_89 street, supplier_89 town"
90,supplier_90,"456 supplier_90 street, supplier_90 town"
91,supplier_91,"456 supplier_91 street, supplier_91 town"
92,supplier_92,"456 supplier_92 street, supplier_92 town"
93,supplier_93,"456 supplier_93 street, supplier_93 town"
94,supplier_94,"456 supplier_94 street, supplier_94 town"
95,supplier_95,"456 supplier_95 street, supplier_95 town"
96,supplier_96,"456 supplier_96 street, supplier_96 town"
97,supplier_97,"456 supplier_97 street, supplier_97 town"
98,supplier_98,"456 supplier_98 street, supplier_98 town"
99,supplier_99,"456 supplier_99 street, supplier_99 town"
100,supplier_100,"456 supplier_100 street, supplier_100 town"
101,supplier_101,"456 supplier_101 street, supplier_101 town"
102,supplier_102,"456 supplier_102 street, supplier_102 town"
103,supplier_103,"456 supplier_103 street, supplier_103 town"
104,supplier_104,"456 supplier_104 street, supplier_104 town"
105,supplier_105,"456 supplier_105 street, supplier_105 town"
106,supplier_106,"456 supplier_106 street, supplier_106 town"
107,supplier_107,"456 supplier_107 street, supplier_107 town"
108,supplier_108,"456 supplier_108 street, supplier_108 town"
109,supplier_109,"456 supplier_109 street, supplier_109 town"
110,supplier_110,"456 supplier_110 street, supplier_110 town"
111,supplier_111,"456 supplier_111 street, supplier_111 town"
112,supplier_112,"456 supplier_112 street, supplier_112 town"
113,supplier_113,"456 supplier_113 street, supplier_113 town"
114,supplier_114,"456 supplier_114 street, supplier_114 town"
115,supplier_115,"456 supplier_115 street, supplier_115 town"
116,supplier_116,"456 supplier_116 street, supplier_116 town"
117,supplier_117,"456 supplier_117 street, supplier_117 town"
118,supplier_118,"456 supplier_118 street, supplier_118 town"
119,supplier_119,"456 supplier_119 street, supplier_119 town"
120,supplier_120,"456 supplier_120 street, supplier_120 town"
121,supplier_121,"456 supplier_121 street, supplier_121 town"
122,supplier_122,"456 supplier_122 street, supplier_122 town"
123,supplier_123,"456 supplier_123 street, supplier_123 town"
124,supplier_124,"456 supplier_124 street, supplier_124 town"
125,supplier_125,"456 supplier_125 street, supplier_125 town"
126,supplier_126,"456 supplier_126 street, supplier_126 town"
127,supplier_127,"456 supplier_127 street, supplier_127 town"
128,supplier_128,"456 supplier_128 street, supplier_128 town"
129,supplier_129,"456 supplier_129 street, supplier_129 town"
130,supplier_130,"456 supplier_130 street, supplier_130 town"
131,supplier_131,"456 supplier_131 street, supplier_131 town"
132,supplier_132,"456 supplier_132 street, supplier_132 town"
133,supplier_133,"456 supplier_133 street, supplier_133 town"
134,supplier_134,"456 supplier_134 street, supplier_134 town"
135,supplier_135,"456 supplier_135 street, supplier_135 town"
136,supplier_136,"456 supplier_136 street, supplier_136 town"
137,supplier_137,"456 supplier_137 street, supplier_137 town"
138,supplier_138,"456 supplier_138 street, supplier_138 town"
139,supplier_139,"456 supplier_139 street, supplier_139 town"
140,supplier_140,"456 supplier_140 street, supplier_140 town"
141,supplier_141,"456 supplier_141 street, supplier_141 town"
142,supplier_142,"456 supplier_142 street, supplier_142 town"
143,supplier_143,"456 supplier_143 street, supplier_143 town"
144,supplier_144,"456 supplier_144 street, supplier_144 town"
145,supplier_145,"456 supplier_145 street, supplier_145 town"
146,supplier_146,"456 supplier_146 street, supplier_146 town"
147,supplier_147,"456 supplier_147 street, supplier_147 town"
148,supplier_148,"456 supplier_148 street, supplier_148 town"
149,supplier_149,"456 supplier_149 street, supplier_149 town"
150,supplier_150,"456 supplier_150 street, supplier_150 town"
151,supplier_151,"456 supplier_151 street, supplier_151 town"
152,supplier_152,"456 supplier_152 street, supplier_152 town"
153,supplier_153,"456 supplier_153 street, supplier_153 town"
154,supplier_154,"456 supplier_154 street, supplier_154 town"
155,supplier_155,"456 supplier_155 street, supplier_155 town"
156,supplier_156,"456 supplier_156 street, supplier_156 town"
157,supplier_157,"456 supplier_157 street, supplier_157 town"
158,supplier_158,"456 supplier_158 street, supplier_158 town"
159,supplier_159,"456 supplier_159 street, supplier_159 town"
160,supplier_160,"456 supplier_160 street, supplier_160 town"
161,supplier_161,"456 supplier_161 street, supplier_161 town"
162,supplier_162,"456 supplier_162 street, supplier_162 town"
163,supplier_163,"456 supplier_163 street, supplier_163 town"
164,supplier_164,"456 supplier_164 street, supplier_164 town"
165,supplier_165,"456 supplier_165 street, supplier_165 town"
166,supplier_166,"456 supplier_166 street, supplier_166 town"
167,supplier_167,"456 supplier_167 street, supplier_167 town"
168,supplier_168,"456 supplier_168 street, supplier_168 town"
169,supplier_169,"456 supplier_169 street, supplier_169 town"
170,supplier_170,"456 supplier_170 street, supplier_170 town"
171,supplier_171,"456 supplier_171 street, supplier_171 town"
172,supplier_172,"456 supplier_172 street, supplier_172 town"
173,supplier_173,"456 supplier_173 street, supplier_173 town"
174,supplier_174,"456 supplier_174 street, supplier_174 town"
175,supplier_175,"456 supplier_175 street, supplier_175 town"
176,supplier_176,"456 supplier_176 street, supplier_176 town"
177,supplier_177,"456 supplier_177 street, supplier_177 town"
178,supplier_178,"456 supplier_178 street, supplier_178 town"
179,supplier_179,"456 supplier_179 street, supplier_179 town"
180,supplier_180,"456 supplier_180 street, supplier_180 town"
181,supplier_181,"456 supplier_181 street, supplier_181 town"
182,supplier_182,"456 supplier_182 street, supplier_182 town"
183,supplier_183,"456 supplier_183 street, supplier_183 town"
184,supplier_184,"456 supplier_184 street, supplier_184 town"
185,supplier_185,"456 supplier_185 street, supplier_185 town"
186,supplier_186,"456 supplier_186 street, supplier_186 town"
187,supplier_187,"456 supplier_187 street, supplier_187 town"
188,supplier_188,"456 supplier_188 street, supplier_188 town"
189,supplier_189,"456 supplier_189 street, supplier_189 town"
190,supplier_190,"456 supplier_190 street, supplier_190 town"
191,supplier_191,"456 supplier_191 street, supplier_191 town"
192,supplier_192,"456 supplier_192 street, supplier_192 town"
193,supplier_193,"456 supplier_193 street, supplier_193 town"
194,supplier_194,"456 supplier_194 street, supplier_194 town"
195,supplier_195,"456 supplier_195 street, supplier_195 town"
196,supplier_196,"456 supplier_196 street, supplier_196 town"
197,supplier_197,"456 supplier_197 street, supplier_197 town"
198,supplier_198,"456 supplier_198 street, supplier_198 town"
199,supplier_199,"456 supplier_199 street, supplier_199 town"
200,supplier_200,"456 supplier_200 street, supplier_200 town"
201,supplier_201,"456 supplier_201 street, supplier_201 town"
202,supplier_202,"456 supplier_202 street, supplier_202 town"
203,supplier_203,"456 supplier_203 street, supplier_203 town"
204,supplier_204,"456 supplier_204 street, supplier_204 town"
205,supplier_205,"456 supplier_205 street, supplier_205 town"
206,supplier_206,"456 supplier_206 street, supplier_206 town"
207,supplier_207,"456 supplier_207 street, supplier_207 town"
208,supplier_208,"456 supplier_208 street, supplier_208 town"
209,supplier_209,"456 supplier_209 street, supplier_209 town"
210,supplier_210,"456 supplier_210 street, supplier_210 town"
211,supplier_211,"456 supplier_211 street, supplier_211 town"
212,supplier_212,"456 supplier_212 street, supplier_212 town"
213,supplier_213,"456 supplier_213 street, supplier_213 town"
214,supplier_214,"456 supplier_214 street, supplier_214 town"
215,supplier_215,"456 supplier_215 street, supplier_215 town"
216,supplier_216,"456 supplier_216 street, supplier_216 town"
217,supplier_217,"456 supplier_217 street, supplier_217 town"
218,supplier_218,"456 supplier_218 street, supplier_218 town"
219,supplier_219,"456 supplier_219 street, supplier_219 town"
220,supplier_220,"456 supplier_220 street, supplier_220 town"
221,supplier_221,"456 supplier_221 street, supplier_221 town"
222,supplier_222,"456 supplier_222 street, supplier_222 town"
223,supplier_223,"456 supplier_223 street, supplier_223 town"
224,supplier_224,"456 supplier_224 street, supplier_224 town"
225,supplier_225,"456 supplier_225 street, supplier_225 town"
226,supplier_226,"456 supplier_226 street, supplier_226 town"
227,supplier_227,"456 supplier_227 street, supplier_227 town"
228,supplier_228,"456 supplier_228 street, supplier_228 town"
229,supplier_229,"456 supplier_229 street, supplier_229 town"
230,supplier_230,"456 supplier_230 street, supplier_230 town"
231,supplier_231,"456 supplier_231 street, supplier_231 town"
232,supplier_232,"456 supplier_232 street, supplier_232 town"
233,supplier_233,"456 supplier_233 street, supplier_233 town"
234,supplier_234,"456 supplier_234 street, supplier_234 town"
235,supplier_235,"456 supplier_235 street, supplier_235 town"
236,supplier_236,"456 supplier_236 street, supplier_236 town"
237,supplier_237,"456 supplier_237 street, supplier_237 town"
238,supplier_238,"456 supplier_238 street, supplier_238 town"
239,supplier_239,"456 supplier_239 street, supplier_239 town"
240,supplier_240,"456 supplier_240 street, supplier_240 town"
241,supplier_241,"456 supplier_241 street, supplier_241 town"
242,supplier_242,"456 supplier_242 street, supplier_242 town"
243,supplier_243,"456 supplier_243 street, supplier_243 town"
244,supplier_244,"456 supplier_244 street, supplier_244 town"
245,supplier_245,"456 supplier_245 street, supplier_245 town"
246,supplier_246,"456 supplier_246 street, supplier_246 town"
247,supplier_247,"456 supplier_247 street, supplier_247 town"
248,supplier_248,"456 supplier_248 street, supplier_248 town"
249,supplier_249,"456 supplier_249 street, supplier_249 town"
250,supplier_250,"456 supplier_250 street, supplier_250 town"
251,supplier_251,"456 supplier_251 street, supplier_251 town"
252,supplier_252,"456 supplier_252 street, supplier_252 town"
253,supplier_253,"456 supplier_253 street, supplier_253 town"
254,supplier_254,"456 supplier_254 street, supplier_254 town"
255,supplier_255,"456 supplier_255 street, supplier_255 town"
256,supplier_256,"456 supplier_256 street, supplier_256 town"
257,supplier_257,"456 supplier_257 street, supplier_257 town"
258,supplier_258,"456 supplier_258 street, supplier_258 town"
259,supplier_259,"456 supplier_259 street, supplier_259 town"
260,supplier_260,"456 supplier_260 street, supplier_260 town"
261,supplier_261,"456 supplier_261 street, supplier_261 town"
262,supplier_262,"456 supplier_262 street, supplier_262 town"
263,supplier_263,"456 supplier_263 street, supplier_263 town"
264,supplier_264,"456 supplier_264 street, supplier_264 town"
265,supplier_265,"456 supplier_265 street, supplier_265 town"
266,supplier_266,"456 supplier_266 street, supplier_266 town"
267,supplier_267,"456 supplier_267 street, supplier_267 town"
268,supplier_268,"456 supplier_268 street, supplier_268 town"
269,supplier_269,"456 supplier_269 street, supplier_269 town"
270,supplier_270,"456 supplier_270 street, supplier_270 town"
271,supplier_271,"456 supplier_271 street, supplier_271 town"
272,supplier_272,"456 supplier_272 street, supplier_272 town"
273,supplier_273,"456 supplier_273 street, supplier_273 town"
274,supplier_274,"456 supplier_274 street, supplier_274 town"
275,supplier_275,"456 supplier_275 street, supplier_275 town"
276,supplier_276,"456 supplier_276 street, supplier_276 town"
277,supplier_277,"456 supplier_277 street, supplier_277 town"
278,supplier_278,"456 supplier_278 street, supplier_278 town"
279,supplier_279,"456 supplier_279 street, supplier_279 town"
280,supplier_280,"456 supplier_280 street, supplier_280 town"
281,supplier_281,"456 supplier_281 street, supplier_281 town"
282,supplier_282,"456 supplier_282 street, supplier_282 town"
283,supplier_283,"456 supplier_283 street, supplier_283 town"
284,supplier_284,"456 supplier_284 street, supplier_284 town"
285,supplier_285,"456 supplier_285 street, supplier_285 town"
286,supplier_286,"456 supplier_286 street, supplier_286 town"
287,supplier_287,"456 supplier_287 street, supplier_287 town"
288,supplier_288,"456 supplier_288 street, supplier_288 town"
289,supplier_289,"456 supplier_289 street, supplier_289 town"
290,supplier_290,"456 supplier_290 street, supplier_290 town"
291,supplier_291,"456 supplier_291 street, supplier_291 town"
292,supplier_292,"456 supplier_292 street, supplier_292 town"
293,supplier_293,"456 supplier_293 street, supplier_293 town"
294,supplier_294,"456 supplier_294 street, supplier_294 town"
295,supplier_295,"456 supplier_295 street, supplier_295 town"
296,supplier_296,"456 supplier_296 street, supplier_296 town"
297,supplier_297,"456 supplier_297 street, supplier_297 town"
298,supplier_298,"456 supplier_298 street, supplier_298 town"
299,supplier_299,"456 supplier_299 street, supplier_299 town"
300,supplier_300,"456 supplier_300 street, supplier_300 town"
301,supplier_301,"456 supplier_301 street, supplier_301 town"
302,supplier_302,"456 supplier_302 street, supplier_302 town"
303,supplier_303,"456 supplier_303 street, supplier_303 town"
304,supplier_304,"456 supplier_304 street, supplier_304 town"
305,supplier_305,"456 supplier_305 street, supplier_305 town"
306,supplier_306,"456 supplier_306 street, supplier_306 town"
307,supplier_307,"456 supplier_307 street, supplier_307 town"
308,supplier_308,"456 supplier_308 street, supplier_308 town"
309,supplier_309,"456 supplier_309 street, supplier_309 town"
310,supplier_310,"456 supplier_310 street, supplier_310 town"
311,supplier_311,"456 supplier_311 street, supplier_311 town"
312,supplier_312,"456 supplier_312 street, supplier_312 town"
313,supplier_313,"456 supplier_313 street, supplier_313 town"
314,supplier_314,"456 supplier_314 street, supplier_314 town"
315,supplier_315,"456 supplier_315 street, supplier_315 town"
316,supplier_316,"456 supplier_316 street, supplier_316 town"
317,supplier_317,"456 supplier_317 street, supplier_317 town"
318,supplier_318,"456 supplier_318 street, supplier_318 town"
319,supplier_319,"456 supplier_319 street, supplier_319 town"
320,supplier_320,"456 supplier_320 street, supplier_320 town"
321,supplier_321,"456 supplier_321 street, supplier_321 town"
322,supplier_322,"456 supplier_322 street, supplier_322 town"
323,supplier_323,"456 supplier_323 street, supplier_323 town"
324,supplier_324,"456 supplier_324 street, supplier_324 town"
325,supplier_325,"456 supplier_325 street, supplier_325 town"
326,supplier_326,"456 supplier_326 street, supplier_326 town"
327,supplier_327,"456 supplier_327 street, supplier_327 town"
328,supplier_328,"456 supplier_328 street, supplier_328 town"
329,supplier_329,"456 supplier_329 street, supplier_329 town"
330,supplier_330,"456 supplier_330 street, supplier_330 town"
331,supplier_331,"456 supplier_331 street, supplier_331 town"
332,supplier_332,"456 supplier_332 street, supplier_332 town"
333,supplier_333,"456 supplier_333 street, supplier_333 town"
334,supplier_334,"456 supplier_334 street, supplier_334 town"
335,supplier_335,"456 supplier_335 street, supplier_335 town"
336,supplier_336,"456 supplier_336 street, supplier_336 town"
337,supplier_337,"456 supplier_337 street, supplier_337 town"
338,supplier_338,"456 supplier_338 street, supplier_338 town"
339,supplier_339,"456 supplier_339 street, supplier_339 town"
340,supplier_340,"456 supplier_340 street, supplier_340 town"
341,supplier_341,"456 supplier_341 street, supplier_341 town"
342,supplier_342,"456 supplier_342 street, supplier_342 town"
343,supplier_343,"456 supplier_343 street, supplier_343 town"
344,supplier_344,"456 supplier_344 street, supplier_344 town"
345,supplier_345,"456 supplier_345 street, supplier_345 town"
346,supplier_346,"456 supplier_346 street, supplier_346 town"
347,supplier_347,"456 supplier_347 street, supplier_347 town"
348,supplier_348,"456 supplier_348 street, supplier_348 town"
349,supplier_349,"456 supplier_349 street, supplier_349 town"
350,supplier_350,"456 supplier_350 street, supplier_350 town"
351,supplier_351,"456 supplier_351 street, supplier_351 town"
352,supplier_352,"456 supplier_352 street, supplier_352 town"
353,supplier_353,"456 supplier_353 street, supplier_353 town"
354,supplier_354,"456 supplier_354 street, supplier_354 town"
355,supplier_355,"456 supplier_355 street, supplier_355 town"
356,supplier_356,"456 supplier_356 street, supplier_356 town"
357,supplier_357,"456 supplier_357 street, supplier_357 town"
358,supplier_358,"456 supplier_358 street, supplier_358 town"
359,supplier_359,"456 supplier_359 street, supplier_359 town"
360,supplier_360,"456 supplier_360 street, supplier_360 town"
361,supplier_361,"456 supplier_361 street, supplier_361 town"
362,supplier_362,"456 supplier_362 street, supplier_362 town"
363,supplier_363,"456 supplier_363 street, supplier_363 town"
364,supplier_364,"456 supplier_364 street, supplier_364 town"
365,supplier_365,"456 supplier_365 street, supplier_365 town"
366,supplier_366,"456 supplier_366 street, supplier_366 town"
367,supplier_367,"456 supplier_367 street, supplier_367 town"
368,supplier_368,"456 supplier_368 street, supplier_368 town"
369,supplier_369,"456 supplier_369 street, supplier_369 town"
370,supplier_370,"456 supplier_370 street, supplier_370 town"
371,supplier_371,"456 supplier_371 street, supplier_371 town"
372,supplier_372,"456 supplier_372 street, supplier_372 town"
373,supplier_373,"456 supplier_373 street, supplier_373 town"
374,supplier_374,"456 supplier_374 street, supplier_374 town"
375,supplier_375,"456 supplier_375 street, supplier_375 town"
376,supplier_376,"456 supplier_376 street, supplier_376 town"
377,supplier_377,"456 supplier_377 street, supplier_377 town"
378,supplier_378,"456 supplier_378 street, supplier_378 town"
379,supplier_379,"456 supplier_379 street, supplier_379 town"
380,supplier_380,"456 supplier_380 street, supplier_380 town"
381,supplier_381,"456 supplier_381 street, supplier_381 town"
382,supplier_382,"456 supplier_382 street, supplier_382 town"
383,supplier_383,"456 supplier_383 street, supplier_383 town"
384,supplier_384,"456 supplier_384 street, supplier_384 town"
385,supplier_385,"456 supplier_385 street, supplier_385 town"
386,supplier_386,"456 supplier_386 street, supplier_386 town"
387,supplier_387,"456 supplier_387 street, supplier_387 town"
388,supplier_388,"456 supplier_388 street, supplier_388 town"
389,supplier_389,"456 supplier_389 street, supplier_389 town"
390,supplier_390,"456 supplier_390 street, supplier_390 town"
391,supplier_391,"456 supplier_391 street, supplier_391 town"
392,supplier_392,"456 supplier_392 street, supplier_392 town"
393,supplier_393,"456 supplier_393 street, supplier_393 town"
394,supplier_394,"456 supplier_394 street, supplier_394 town"
395,supplier_395,"456 supplier_395 street, supplier_395 town"
396,supplier_396,"456 supplier_396 street, supplier_396 town"
397,supplier_397,"456 supplier_397 street, supplier_397 town"
398,supplier_398,"456 supplier_398 street, supplier_398 town"
399,supplier_399,"456 supplier_399 street, supplier_399 town"
400,supplier_400,"456 supplier_400 street, supplier_400 town"
401,supplier_401,"456 supplier_401 street, supplier_401 town"
402,supplier_402,"456 supplier_402 street, supplier_402 town"
403,supplier_403,"456 supplier_403 street, supplier_403 town"
404,supplier_404,"456 supplier_404 street, supplier_404 town"
405,supplier_405,"456 supplier_405 street, supplier_405 town"
406,supplier_406,"456 supplier_406 street, supplier_406 town"
407,supplier_407,"456 supplier_407 street, supplier_407 town"
408,supplier_408,"456 supplier_408 street, supplier_408 town"
409,supplier_409,"456 supplier_409 street, supplier_409 town"
410,supplier_410,"456 supplier_410 street, supplier_410 town"
411,supplier_411,"456 supplier_411 street, supplier_411 town"
412,supplier_412,"456 supplier_412 street, supplier_412 town"
413,supplier_413,"456 supplier_413 street, supplier_413 town"
414,supplier_414,"456 supplier_414 street, supplier_414 town"
415,supplier_415,"456 supplier_415 street, supplier_415 town"
416,supplier_416,"456 supplier_416 street, supplier_416 town"
417,supplier_417,"456 supplier_417 street, supplier_417 town"
418,supplier_418,"456 supplier_418 street, supplier_418 town"
419,supplier_419,"456 supplier_419 street, supplier_419 town"
420,supplier_420,"456 supplier_420 street, supplier_420 town"
421,supplier_421,"456 supplier_421 street, supplier_421 town"
422,supplier_422,"456 supplier_422 street, supplier_422 town"
423,supplier_423,"456 supplier_423 street, supplier_423 town"
424,supplier_424,"456 supplier_424 street, supplier_424 town"
425,supplier_425,"456 supplier_425 street, supplier_425 town"
426,supplier_426,"456 supplier_426 street, supplier_426 town"
427,supplier_427,"456 supplier_427 street, supplier_427 town"
428,supplier_428,"456 supplier_428 street, supplier_428 town"
429,supplier_429,"456 supplier_429 street, supplier_429 town"
430,supplier_430,"456 supplier_430 street, supplier_430 town"
431,supplier_431,"456 supplier_431 street, supplier_431 town"
432,supplier_432,"456 supplier_432 street, supplier_432 town"
433,supplier_433,"456 supplier_433 street, supplier_433 town"
434,supplier_434,"456 supplier_434 street, supplier_434 town"
435,supplier_435,"456 supplier_435 street, supplier_435 town"
436,supplier_436,"456 supplier_436 street, supplier_436 town"
437,supplier_437,"456 supplier_437 street, supplier_437 town"
438,supplier_438,"456 supplier_438 street, supplier_438 town"
439,supplier_439,"456 supplier_439 street, supplier_439 town"
440,supplier_440,"456 supplier_440 street, supplier_440 town"
441,supplier_441,"456 supplier_441 street, supplier_441 town"
442,supplier_442,"456 supplier_442 street, supplier_442 town"
443,supplier_443,"456 supplier_443 street, supplier_443 town"
444,supplier_444,"456 supplier_444 street, supplier_444 town"
445,supplier_445,"456 supplier_445 street, supplier_445 town"
446,supplier_446,"456 supplier_446 street, supplier_446 town"
447,supplier_447,"456 supplier_447 street, supplier_447 town"
448,supplier_448,"456 supplier_448 street, supplier_448 town"
449,supplier_449,"456 supplier_449 street, supplier_449 town"
450,supplier_450,"456 supplier_450 street, supplier_450 town"
451,supplier_451,"456 supplier_451 street, supplier_451 town"
452,supplier_452,"456 supplier_452 street, supplier_452 town"
453,supplier_453,"456 supplier_453 street, supplier_453 town"
454,supplier_454,"456 supplier_454 street, supplier_454 town"
455,supplier_455,"456 supplier_455 street, supplier_455 town"
456,supplier_456,"456 supplier_456 street, supplier_456 town"
457,supplier_457,"456 supplier_457 street, supplier_457 town"
458,supplier_458,"456 supplier_458 street, supplier_458 town"
459,supplier_459,"456 supplier_459 street, supplier_459 town"
460,supplier_460,"456 supplier_460 street, supplier_460 town"
461,supplier_461,"456 supplier_461 street, supplier_461 town"
462,supplier_462,"456 supplier_462 street, supplier_462 town"
463,supplier_463,"456 supplier_463 street, supplier_463 town"
464,supplier_464,"456 supplier_464 street, supplier_464 town"
465,supplier_465,"456 supplier_465 street, supplier_465 town"
466,supplier_466,"456 supplier_466 street, supplier_466 town"
467,supplier_467,"456 supplier_467 street, supplier_467 town"
468,supplier_468,"456 supplier_468 street, supplier_468 town"
469,supplier_469,"456 supplier_469 street, supplier_469 town"
470,supplier_470,"456 supplier_470 street, supplier_470 town"
471,supplier_471,"456 supplier_471 street, supplier_471 town"
472,supplier_472,"456 supplier_472 street, supplier_472 town"
473,supplier_473,"456 supplier_473 street, supplier_473 town"
474,supplier_474,"456 supplier_474 street, supplier_474 town"
475,supplier_475,"456 supplier_475 street, supplier_475 town"
476,supplier_476,"456 supplier_476 street, supplier_476 town"
477,supplier_477,"456 supplier_477 street, supplier_477 town"
478,supplier_478,"456 supplier_478 street, supplier_478 town"
479,supplier_479,"456 supplier_479 street, supplier_479 town"
480,supplier_480,"456 supplier_480 street, supplier_480 town"
481,supplier_481,"456 supplier_481 street, supplier_481 town"
482,supplier_482,"456 supplier_482 street, supplier_482 town"
483,supplier_483,"456 supplier_483 street, supplier_483 town"
484,supplier_484,"456 supplier_484 street, supplier_484 town"
485,supplier_485,"456 supplier_485 street, supplier_485 town"
486,supplier_486,"456 supplier_486 street, supplier_486 town"
487,supplier_487,"456 supplier_487 street, supplier_487 town"
488,supplier_488,"456 supplier_488 street, supplier_488 town"
489,supplier_489,"456 supplier_489 street, supplier_489 town"
490,supplier_490,"456 supplier_490 street, supplier_490 town"
491,supplier_491,"456 supplier_491 street, supplier_491 town"
492,supplier_492,"456 supplier_492 street, supplier_492 town"
493,supplier_493,"456 supplier_493 street, supplier_493 town"
494,supplier_494,"456 supplier_494 street, supplier_494 town"
495,supplier_495,"456 supplier_495 street, supplier_495 town"
496,supplier_496,"456 supplier_496 street, supplier_496 town"
497,supplier_497,"456 supplier_497 street, supplier_497 town"
498,supplier_498,"456 supplier_498 street, supplier_498 town"
499,supplier_499,"456 supplier_499 street, supplier_499 town"
